Trial,Parameter,0,1,2,3,4,5,6,7,8,9,10,11,12,13,14,15,16,17,18,19,20,21,22,23,24,25,26,27,28,29,30
1,"ESG.Portfolios.AssetPortfolios.P_GBP.TotalReturnIndex",1,1.0693819700445,1.11599333316368,1.27166870152959,1.25727644812378,0.993033878070068,1.16561612880614,1.15538237295006,1.28046662358654,1.11873126908232,1.08326847028272,1.26933363456309,1.43465580882005,1.7511957655527,1.98179720149217,2.35326279321433,2.56703209308636,2.82438761494523,2.68043426722109,2.72489847232758,2.8257423923733,2.7973819646846,2.65819335128326,3.03612285618217,3.05670270889227,2.85625222943037,2.80437685669794,2.97633976284016,3.29454966832443,3.4660491336005,3.45971486480878,
2,"ESG.Portfolios.AssetPortfolios.P_GBP.TotalReturnIndex",1,0.966258470461751,0.967188600402711,0.873355221578126,0.994606173022781,1.35145536359516,1.30298414312375,1.42742329669485,1.44310362259055,1.7465347246259,1.92044043836936,1.87643665964898,1.84524029490593,1.76930126871353,1.72359191853732,1.54410019593257,1.47468234307051,1.44029391245767,1.74037008699439,1.89485410351734,2.00718720312794,2.20583029596113,2.60283276979077,2.41883728123747,2.62122288957516,3.16204452392142,3.46373512272636,3.54079038995555,3.4568214686371,3.50303484460695,3.75687775842414,
3,"ESG.Portfolios.AssetPortfolios.P_GBP.TotalReturnIndex",1,1.05943226486584,1.03091599888663,1.18050542940609,1.18810716267587,1.30979949564283,1.63522001564161,1.57578283924597,1.61789901405414,1.54158818677896,1.58548006534155,1.78185562572452,1.62339474442915,1.74989394792155,1.68865542232659,1.66527070768518,1.79056390861615,1.94955303719448,2.21851861589988,2.5525293889161,2.58405755936806,2.80870788065559,3.05686719495606,2.65026020554566,3.04515977531223,3.01482205477481,2.93855829655422,2.70980671029667,2.69239075405552,3.24926453468517,3.69287120673495,
4,"ESG.Portfolios.AssetPortfolios.P_GBP.TotalReturnIndex",1,0.974943723747424,1.06160972036867,0.972678533358106,1.04207807252324,0.994837137221805,0.807673011032423,0.994825280158687,1.09619753033265,1.29137514596841,1.3907395051918,1.35981029450511,1.65372249806668,1.68994950823009,1.92687569291066,2.0943061593228,2.10734605399075,2.10671423337938,2.05507804948466,1.93175915892894,2.07637190295191,2.07921849991398,2.0386190076046,2.71048772046381,2.5980472594293,2.84693109809115,3.14560573612379,3.57284101047728,3.76073785150276,3.52753249289732,3.45912885228194,
5,"ESG.Portfolios.AssetPortfolios.P_GBP.TotalReturnIndex",1,1.02342305465895,0.985700895913932,1.02095990296469,1.08196496342533,1.12049136546631,1.29871627731344,1.34731462107787,1.78485335140274,1.86340015610591,1.90783139952405,2.01754590235302,2.13508896595058,2.19783857732618,2.24770379359601,2.12392084959717,2.1188252663676,1.89696381917885,1.76215516483968,1.81905000403663,1.75693746040888,1.60475598597498,1.77141183766895,2.16642155820315,2.4299598972765,2.67210088249396,2.7750629053973,2.82231218163512,2.72794609027189,2.52445668404221,2.91189855634457,
6,"ESG.Portfolios.AssetPortfolios.P_GBP.TotalReturnIndex",1,1.00468101042904,1.0864830244387,1.11614118834583,1.15213708704522,1.22342727943641,1.15387098314844,1.19787275270633,0.955932196351802,1.00870845355633,1.10692662098552,1.07314296746813,1.13333980272444,1.23952757822164,1.41408176334292,1.73607953428966,1.90926059019051,2.3560736096718,2.68481389658183,2.83360210655557,3.06740424713549,3.39824065168015,3.42626678312047,3.20930383346969,3.27064285277612,3.27771288339723,3.42046791579139,3.58508870312684,3.89895975083361,4.3179880836103,4.19518477875832,
7,"ESG.Portfolios.AssetPortfolios.P_GBP.TotalReturnIndex",1,0.965663257964562,0.895117906842154,0.993185653650913,1.19345947464817,1.13025914517038,1.33996656584415,1.48048214602568,1.70165964240318,1.59084450475992,1.4734715149303,1.48572651142436,1.74392489897509,1.90510109332563,2.09110569801097,2.40496786220618,2.67554849848811,2.78567759096626,3.27981051431474,3.8051591576984,3.95505390421083,4.03463530368996,4.33815177795551,4.67037138789405,4.64577577943485,4.82597200879557,4.92015676390189,4.97755333060694,5.00706489129207,5.51317677481825,5.47710413102388,
8,"ESG.Portfolios.AssetPortfolios.P_GBP.TotalReturnIndex",1,1.07200482886743,1.18830621296076,1.16377893460229,1.02987772422396,1.15516733563443,1.0631351910145,1.0793003623729,1.09446154744552,1.30622954503652,1.5236269407842,1.65028725896957,1.61375736296693,1.62062847574753,1.66465335972007,1.59657860340344,1.58280606151507,1.65919198087602,1.40088373387314,1.12022434837501,1.30666734829424,1.4381352677868,1.38825736113667,1.30382382052458,1.46784632939308,1.57331251624631,1.744157448771,1.92728305670934,2.10185188995119,1.71285686584497,1.78160110823629,
9,"ESG.Portfolios.AssetPortfolios.P_GBP.TotalReturnIndex",1,1.06791318386202,1.21973002353942,1.40321175316629,1.36643338975901,1.44729821485158,1.48387130084222,1.59260562811403,1.77345979140055,1.89287406604742,2.12482353205407,2.08865304888147,2.25483205271296,2.2287908441423,2.29469621151302,2.35174587523824,2.67184418646871,2.75431351736504,2.87574446762203,2.94021962910495,2.98898126529694,3.02038677964513,3.32993593414878,3.23283657774349,3.2483885053846,3.51424946817522,3.72319291137158,3.87431452537513,4.24782934734916,4.26512056962197,4.67600035861802,
10,"ESG.Portfolios.AssetPortfolios.P_GBP.TotalReturnIndex",1,0.968930333367622,0.854918505219956,0.720999435189414,0.840387493138261,0.852538851141666,0.972230645308934,0.9618620053175,0.947140770344705,0.987226547282403,0.878143502622775,1.01612552854824,0.964279946980474,1.25738030758575,1.4372361032751,1.55850928367716,1.37257780080794,1.45763411306174,1.39474166909408,1.5477601199076,1.67486995933234,1.930662074945,1.63914430522219,2.14744456475243,2.1801730252515,2.28742246692624,2.41735951500219,2.47815214491317,2.37324705126474,2.70608006644599,2.23636944824106,
11,"ESG.Portfolios.AssetPortfolios.P_GBP.TotalReturnIndex",1,0.926121135520054,0.96906667937467,1.03674115623223,0.938344103379506,1.01505216819842,0.927762691263469,1.08135877968184,1.02349797160697,1.16606682575876,1.41161571707268,1.33060050051522,1.39660939049959,1.65096404785346,1.52841242167457,1.51506931890186,1.59174710947431,1.57102896562279,1.47362307059277,2.16829044451021,2.37599360068192,2.91776111481275,2.79401342961188,2.65169736089904,2.53772429936771,2.85849797631718,2.76439167310024,2.81907217513495,2.94295743739727,2.62654357239278,2.6863133613168,
12,"ESG.Portfolios.AssetPortfolios.P_GBP.TotalReturnIndex",1,1.11027878360603,1.11395691504825,1.11846972576019,1.29632531379843,1.33097250713711,1.56288416939891,1.52861614451608,1.7016207180134,1.72661397893663,1.65388523300843,1.88470601057984,1.98869746790284,1.9179839516053,2.27467003908031,2.44684148788784,2.51529118636842,2.71272757655872,2.92769491653599,2.62742722058746,2.59220650271289,2.34511523631235,2.66998899747112,3.04213774445738,3.324199795514,3.21413668192024,3.59021960927149,3.78809402673094,3.90861635006202,4.43042141657455,4.41521714786851,
13,"ESG.Portfolios.AssetPortfolios.P_GBP.TotalReturnIndex",1,1.03596441300178,0.912499060375294,1.06491010515306,1.10923098892059,1.17207556660947,1.23095063760699,1.42545861300529,1.53900752628378,1.50285471270998,1.75800168539139,1.8683989193453,1.79415978818408,1.94570232892155,1.98287864003938,1.926638125007,2.20827348036047,2.125532751369,2.1517049415764,2.3346450875105,2.30950337079888,2.57056027319062,2.76303662488687,2.9580579656392,2.98614045306585,2.96654344537539,3.12908502042976,2.70106384741337,3.02923197932692,3.49958488773165,4.01111703185313,
14,"ESG.Portfolios.AssetPortfolios.P_GBP.TotalReturnIndex",1,1.00167888173199,1.17306671608464,1.0761444194587,1.10883409819641,1.18074102330116,1.23952683183147,1.15503566057573,1.18184788095937,1.37974168986802,1.27966192982996,1.31220180823233,1.53593191039694,1.39796881680255,1.62749000285128,1.91350900372713,1.78355950127398,2.08688149517664,2.26190733765263,2.28401386115913,2.50992206603897,2.46756134440139,2.49108059040998,2.55052354344432,2.75258464969299,3.00873891478366,3.10313775755394,3.59479233725765,3.59358355441569,3.48527898276404,3.3062615772381,
15,"ESG.Portfolios.AssetPortfolios.P_GBP.TotalReturnIndex",1,1.00408453057315,1.04376898980355,1.16510370708696,1.09796383305474,1.32961381464474,1.36884617593719,1.54775912210384,1.4375229801282,1.43277887784777,1.24927821464879,1.25175853157422,1.30419579270913,1.18480155697134,1.2350555760589,1.39365658470838,1.4626883108861,1.59834533936056,1.77326550898462,1.61236042594197,1.75285354695557,2.43326327223369,2.36391924701526,2.5135450941074,2.44567037009897,2.74280560165784,2.39371079682779,2.52545091112944,2.65094320829086,3.11453991762699,3.58178560733395,
16,"ESG.Portfolios.AssetPortfolios.P_GBP.TotalReturnIndex",1,1.03709290450392,1.0529241042214,1.00053272420556,1.16919943729693,1.02120859841069,1.1220854633115,1.04608240481443,1.28892138567612,1.44525992166785,1.74494632991499,1.89689856903028,2.00352891050261,2.27350948473058,2.41533788777659,2.42802628235138,2.58031170722744,2.61028639220663,2.668525687457,2.96025084718768,3.0488640780906,2.68055704412966,2.86408415526686,3.02475206721667,3.23651906911571,3.26678778827022,3.73043126697063,3.87425697280332,3.99164955693931,3.89442330014677,3.7984667296061,
17,"ESG.Portfolios.AssetPortfolios.P_GBP.TotalReturnIndex",1,0.93758859517352,0.837122387274686,1.02325007733192,1.12635720508544,1.22122233933624,1.25783628867017,1.3780542405683,1.69867613980091,1.86227106846078,2.17707222949181,2.30324431853918,2.3718300846471,2.40022866868308,2.23741015003145,2.30925853343497,2.45203897791962,2.38235354975194,2.59542861057563,2.65678241835319,2.6665835193907,2.69654268233889,3.35127975860895,3.36670757116498,3.45617483101213,4.11727745754285,4.47665767780094,4.22983854184833,4.3795701425023,4.16471567137242,4.24523760336195,
18,"ESG.Portfolios.AssetPortfolios.P_GBP.TotalReturnIndex",1,1.10171070470214,1.22370876708647,1.14484234254315,1.1369496774439,1.15084067550652,1.20508967572476,1.22839439235656,1.06786627203313,1.05275272028495,0.88051177662745,0.867279614219193,0.905885440197232,1.04516846400027,1.48133223366387,1.53435841492761,1.61000718434193,1.91619087632944,1.91566923676146,2.13309988328433,2.29651180416865,2.40031201826575,2.01618846924014,2.21232172295807,2.37053937838934,1.89647729336694,1.62807080789198,2.18763008363682,2.12136173734755,2.79345867647438,2.91241178188002,
19,"ESG.Portfolios.AssetPortfolios.P_GBP.TotalReturnIndex",1,1.21730561438618,1.20514606380303,1.15445631578558,1.32591945822223,1.30603351776728,1.35670367421366,1.51723828947427,1.58447524335408,1.78151779928913,1.73361905633735,1.81759987150635,1.85452873160704,1.74494320798256,1.84982187263066,1.81224775760069,1.9714252339274,2.37692237841089,2.28918635086707,2.39764269033571,2.55611789701042,2.33821165137247,2.17270967125538,2.29041686556478,2.60942290331928,2.67491935322701,2.41507535029228,2.45472071170314,2.73143840336192,2.589504051737,2.44437357178466,
20,"ESG.Portfolios.AssetPortfolios.P_GBP.TotalReturnIndex",1,0.817114712733202,0.881504566448322,1.01163453479163,0.924237939468269,1.05400344541128,1.11069412127441,1.08929055592026,1.14970437991215,1.08751752606993,1.27127158360409,1.32707416435583,1.46870823106903,1.82419853345355,1.8893518271497,2.16238732039888,2.18394685329016,1.88760202359099,2.22626819292142,2.31480788021053,2.32612191871002,2.84269133973128,3.25301837904491,3.3642364811661,3.21000818385948,3.40890362972229,4.03343678928305,4.24294787369873,4.27146383528378,4.72731767439,5.13884327077216,
21,"ESG.Portfolios.AssetPortfolios.P_GBP.TotalReturnIndex",1,1.06036906854116,1.12596712081474,1.1956862518407,1.0870262952177,1.12185795228605,1.20526721043346,1.50827719217377,1.57958632008461,1.76316957983738,2.01845201115952,1.9477035769129,2.04820111727934,2.09351941269797,2.37994578100769,2.59606821454634,2.64544982246718,2.79956686142495,2.83499637979903,2.8799392575513,2.75081340931771,3.05785645666677,3.18270464429619,3.23554088313949,3.38649512031105,3.79826828666667,3.83457488544953,3.85982916009933,4.11545990812379,4.1537164012736,4.35540756046832,
22,"ESG.Portfolios.AssetPortfolios.P_GBP.TotalReturnIndex",1,0.953648950972671,0.944849542002059,0.956047765421456,1.11753304105377,1.17274796251146,1.1816561834268,1.07015897819289,1.14489336110132,1.1199047457225,1.06575217796179,1.24181760703262,1.3113418935779,1.42730999647701,1.34078637057827,1.332425908093,1.43850070976306,1.45128998508768,1.60612719611388,1.73370384673867,1.9921171847867,1.96087729415284,2.05552703932786,2.20168660540323,2.28513277849383,2.16919504491736,2.26977583032318,2.26129396024248,2.32614326586719,2.53098069210905,2.54461153656642,
23,"ESG.Portfolios.AssetPortfolios.P_GBP.TotalReturnIndex",1,0.972362209649776,1.07716507189209,1.0975824641093,1.40430765046755,1.41947549642169,1.6529336080726,1.87122308094624,1.8693097540216,1.94108542865207,2.12801598825763,2.12332069791862,2.20496615602144,2.31213287102413,2.31057362404621,2.3660502157261,2.60913782512817,2.57218363186171,2.45467714698814,2.51001366243322,2.48820157634018,2.33699017641664,2.313979082716,2.55564942071895,2.71589995795018,2.89328263167971,2.6071886993997,2.83344757282275,2.93435983826967,2.80428261646135,2.71388045402312,
24,"ESG.Portfolios.AssetPortfolios.P_GBP.TotalReturnIndex",1,1.07256840143632,1.0199255946443,1.05182288363232,0.881189139208221,0.970693481308753,0.867549153122685,0.773952875302621,0.916983812595069,0.956158307430114,0.864062977888729,1.05024110989917,1.11884273264333,1.13985584424979,1.35001292039166,1.55103380159658,1.50699453357284,1.69076609925481,2.04831927246484,2.24106198538008,2.49480029939873,2.93152987391915,3.21799736680476,3.15612817144145,3.21958734124571,3.2363359141149,3.87892497407787,3.88037558706153,4.02624845680547,4.36262359335372,4.7335174028099,
25,"ESG.Portfolios.AssetPortfolios.P_GBP.TotalReturnIndex",1,1.02133443617522,1.11423495728049,0.988980899863999,1.07125186358289,1.15425351586215,1.20573996612132,1.34808623463,1.2905947976895,1.65410348116523,1.80612290869064,2.04094778434467,2.18362107975096,2.13780899083905,2.10584304601625,2.01275079727005,2.09108829969266,2.18605021454933,2.18108190200477,2.25247257885392,2.42961203267928,2.83512263104279,3.07887273919789,3.03784634773132,3.03366628619009,2.86076938409048,3.14150561591609,2.86946609725921,2.78898366268775,2.66220962944191,3.35431586528565,
26,"ESG.Portfolios.AssetPortfolios.P_GBP.TotalReturnIndex",1,1.01275470941479,0.96636502893972,1.1611121954575,1.1877861668972,1.1943730983285,1.26400212800771,1.25176280870713,1.46444266873803,1.20998150761077,1.21904031759558,1.09562807547578,1.08664461836883,1.34198087799009,1.52749248810797,1.89067646163628,2.03782542519097,2.13069078542949,2.33309906783782,2.45330265085522,2.47218867724121,2.25247334447524,2.20423833960845,2.47600652512887,2.72130061262356,3.17959694208179,3.12970688347969,3.68858320850648,4.00889743010206,4.2259161719984,3.89197848618107,
27,"ESG.Portfolios.AssetPortfolios.P_GBP.TotalReturnIndex",1,1.14184873272847,1.12464618430898,1.09646984638785,0.961140457547478,1.10816642769498,1.39751301348852,1.42112945473445,1.60057436380617,1.62188741846028,1.58586485609523,1.74103603933907,1.7148976315462,1.71339935256563,1.44071914810472,1.51972703139416,1.66553913156785,1.6905323720403,1.97799539287193,1.90358855102134,2.02340190847633,1.93685153863264,1.75227422570514,2.17453231492614,2.15442231193661,2.00954794818976,2.64019730587175,2.54689718507902,2.52424699145409,2.52805878846912,2.44285183186735,
28,"ESG.Portfolios.AssetPortfolios.P_GBP.TotalReturnIndex",1,0.898228290394581,0.959527202480776,1.07572170970037,1.26494086266261,1.25893047035517,1.07350326266368,1.1881260264897,1.13762509794924,1.25939251955881,1.46283372559488,1.425858019987,1.65561362334754,1.84163903627113,2.37876945714451,2.47635999898545,2.49651972821449,2.67733415662229,2.54141453461299,2.85862614112543,2.90085361798488,3.29902152221982,3.73543017289937,3.48351064676928,3.73261516471271,4.20691237016003,3.71346235119968,4.10386253797788,4.38222630673594,4.6962636217756,5.10250471695998,
29,"ESG.Portfolios.AssetPortfolios.P_GBP.TotalReturnIndex",1,1.11278765771304,1.05556187815588,1.08088508391489,1.17854321441458,1.00454182305569,1.0954420598083,1.16291023677201,1.12866799154692,1.43341908934589,1.55497449281551,1.51790174583729,1.47353918606869,1.6773355020114,1.6657980244279,1.633280583951,1.7747026997675,2.01681721919214,2.14209953596985,1.99528522061029,2.03360412336338,1.98495627524083,2.07840243400291,2.06311605975221,2.16449875361764,2.21623848833755,2.19456217867184,2.74413301890665,3.00312166588629,3.0819968939464,3.05340976309652,
30,"ESG.Portfolios.AssetPortfolios.P_GBP.TotalReturnIndex",1,0.922162726666283,1.03460898413274,1.08313034245367,1.07081480381701,1.35027914180142,1.33709123457888,1.44688496508404,1.62126073916077,1.44822239803399,1.47685494782687,1.65332273891227,1.93064830994751,1.87462338732246,2.11064341433358,2.37704193568079,2.38447999505786,2.25763690101071,2.29119301721149,2.7323842885559,2.90052633907743,3.30072960507495,3.44149299440907,3.78782434781959,3.90366490803511,4.18991765551693,4.59683059597843,3.6805656553955,3.65002133470855,3.84236988761892,4.29387719642102,
31,"ESG.Portfolios.AssetPortfolios.P_GBP.TotalReturnIndex",1,1.00663640878657,0.993733488262323,1.03875046797377,1.16985039629703,1.35062009638722,1.32138562814237,1.50362973023119,1.66473834573228,1.75883067715213,1.76285576226714,1.66905760930023,1.74164230157653,1.88737971424331,2.10833301352292,2.13813283361353,2.11793389593061,2.28262315415584,2.83733955420931,2.70992963517367,2.71922730552,2.90420598299077,3.25470086114115,3.53031126413356,3.83346928526028,3.85280233372124,4.25552751825676,4.3114438449307,4.36281239814203,4.26506615744278,4.19965548757419,
32,"ESG.Portfolios.AssetPortfolios.P_GBP.TotalReturnIndex",1,1.02847851547079,1.08037252600774,1.09620457724,1.08601464450686,1.00007120098,1.13963815368127,1.11183850190162,1.12603026911784,1.15254682666131,1.33387164900735,1.59114216291901,1.68672734483375,1.71802340104965,1.66954180255442,1.80299022131436,2.00839183824508,2.03603242643105,1.65108754360456,2.04999952135204,2.25344617282498,2.27541028786421,2.17355411261474,2.09454669213121,1.99293553003514,2.24161532891326,2.02399219826901,2.22015544084361,2.44107812371102,2.66072669499296,3.16996368256442,
33,"ESG.Portfolios.AssetPortfolios.P_GBP.TotalReturnIndex",1,0.901100930391579,0.948155667111189,1.00289291376709,1.08944327345545,1.23626685392429,1.24780828001176,1.41209375243302,1.4536380381591,1.54620717860266,1.59086731334262,1.7462327595136,1.96443453061787,2.0233387121478,2.09562986738241,1.92222844506681,1.85973307550484,2.07829805428729,2.16235221561039,2.2240359605695,2.23844031191026,2.41749013362605,2.42065855952997,2.28928273104419,2.47461951103745,2.80007619974584,2.49274214443883,2.79917358922014,2.88657109322327,2.77675649270537,3.18760199107632,
34,"ESG.Portfolios.AssetPortfolios.P_GBP.TotalReturnIndex",1,1.1354753415268,1.1381794419907,1.15043572241577,1.14926399730752,1.08843117019677,1.19696535067512,1.15581559113601,1.23325616856792,1.29659514714816,1.40311170550771,1.38055449874304,1.29148215227108,1.31740649035786,1.47755311322445,1.92476131748488,2.18573644955486,2.16595118207991,2.30261588725614,2.43901310086191,2.64125023917295,2.65118192795503,2.89317187623937,3.30496077465695,3.33787218700188,3.23456623419925,3.8472472382048,3.79395741525774,3.9661566825118,4.34648850342883,4.21998051277516,
35,"ESG.Portfolios.AssetPortfolios.P_GBP.TotalReturnIndex",1,1.05171344191192,1.02462777231498,1.0134317745864,1.10721664710977,1.32785114070736,1.33528490700955,1.39312605819677,1.70346827305228,1.76028067569401,1.69029621473581,1.98700660633374,1.83662455681783,2.02343177894554,2.27053614022115,2.18320765273633,2.15860729128111,2.33335687309218,2.47454237934166,2.72301134563627,2.71347876510367,3.10819090130969,3.08044750006976,2.91946756573922,2.843617774053,3.23478139743561,2.99702074857825,3.35525860125899,3.552155053329,3.32789540168353,3.62758216392279,
36,"ESG.Portfolios.AssetPortfolios.P_GBP.TotalReturnIndex",1,0.986585402077389,1.05768640228737,1.13329446859889,1.13632753084125,1.03597100425199,1.13079847130098,1.20151921001409,1.03971427729857,1.15119202502654,1.31405225193886,1.23208786275957,1.48673468371303,1.49326503503455,1.41236389407742,1.71618004790802,1.95651374319796,1.97949123357446,1.97944262625513,1.95573566821899,2.14459693612369,1.98981699396772,2.23668203689106,2.56292681165853,2.81924629903069,2.71660396619431,3.04612054843578,2.97105362818301,3.09696424182471,3.45549337699506,3.49471339103992,
37,"ESG.Portfolios.AssetPortfolios.P_GBP.TotalReturnIndex",1,1.13508553750068,1.15286115357606,1.11114407669511,1.09028304902654,1.34387138577239,1.20882235163613,1.08455749712045,1.20069819646015,1.1988377677678,1.15206293573084,1.04228267253153,1.28236899294595,1.38344088300596,1.28385538934905,1.24505656443061,1.24144943626622,1.36441219373751,1.70609928863322,1.7419576687233,1.95556191400698,2.27605128285652,2.42881189199791,2.38430948749591,2.75561509073216,2.79576018793116,3.1027976336246,3.11490277955399,2.82939878888899,2.58895716880188,2.6674729896201,
38,"ESG.Portfolios.AssetPortfolios.P_GBP.TotalReturnIndex",1,0.8943632616045,0.91282071793798,0.962957923727345,1.04478850404571,0.831861992947661,1.1354821653265,1.44226623537147,1.41206206797168,1.59787323545679,1.84178030902158,2.12920267299867,1.99363814664199,2.03399334450991,2.33847680991921,2.54747424554234,2.81337303094315,2.84535333531432,2.70248591948647,2.86458818703161,2.81274341722965,2.67410394510011,2.73108375924742,3.02561608114498,2.80516720118287,2.97625913848559,2.77984762045647,2.98954520355921,3.77223444026627,4.41897406062944,4.62624839618886,
39,"ESG.Portfolios.AssetPortfolios.P_GBP.TotalReturnIndex",1,0.89749064322811,0.81343835482263,0.763428686389458,0.782163429662806,0.939001163054399,0.887233335271431,0.966703538601367,0.910916357148122,1.2928931760619,1.35498274955348,1.358423880117,1.51518522450101,1.48030876803052,1.52961629181644,1.49799891878824,1.7668390480461,2.10503682552773,2.37928580782194,2.30613903687215,2.50504449812363,2.67967268996897,3.04449796979619,3.29871379862035,3.51144943105737,3.73236936205712,4.0818143343917,4.13514319479516,4.04458461770659,3.77742503854435,3.81908313717794,
40,"ESG.Portfolios.AssetPortfolios.P_GBP.TotalReturnIndex",1,1.13577517216976,1.27132379215872,1.39130940451777,1.45928783906341,1.39123395631443,1.54268575708065,1.58072831800255,1.80644361765863,1.58893275616235,1.66913941596453,1.75186036640794,1.78686484921425,1.9665708433054,2.08559028148248,2.17843025218524,2.13781028666706,2.07067455654197,2.02384605622006,2.23136530668483,2.28681313541242,2.31075990420289,2.25169398478656,2.27677092227545,2.33414863073123,2.3876310201938,2.34481823614893,2.47664946551129,2.73685701864508,3.25568464596816,3.43733714292563,
41,"ESG.Portfolios.AssetPortfolios.P_GBP.TotalReturnIndex",1,0.999319569194891,1.06892412110237,1.17832925937833,1.18191263078888,1.28173279630326,1.43410252859059,1.47381822790033,1.40603113642037,1.55038315549494,1.37961613361654,1.33296849337541,1.24738937816025,1.17287169732502,1.31704156320113,1.19809960230726,0.965150494538591,1.45016105662477,1.39380149079134,1.89262728689258,2.27006097326755,2.27672439027313,2.37930899930741,2.21814059361874,2.09136141661774,2.42819205741655,2.81789979172117,3.04093634357538,3.04040795330327,3.37138460414682,3.62999893339224,
42,"ESG.Portfolios.AssetPortfolios.P_GBP.TotalReturnIndex",1,1.02450879897064,1.01837822214236,0.98266802898782,1.07485431964783,1.08369876114414,1.05965327401617,1.18610247431232,1.38921740456096,1.38670200502302,1.6805619023876,1.88746017281252,2.20213415365356,2.47087998541601,2.54871299551468,2.83436859486795,3.26717844754033,3.01626975507612,3.32676018696162,2.98481579096544,2.80061592839295,3.03653014257918,3.15501045594391,3.53787652464438,3.69806204148992,3.61802637962906,3.61981203871537,3.63066583197389,3.88164902305733,3.89103100898895,3.96124238103603,
43,"ESG.Portfolios.AssetPortfolios.P_GBP.TotalReturnIndex",1,1.0255374712055,0.982533111369701,1.01915916348645,1.12779397465789,1.13789884694809,1.00469882369034,0.916528020549313,1.13125208714696,1.44041027243517,1.55876045894556,1.80725061327375,2.04800634847357,2.16015839010653,2.22048593478079,2.25194275168661,2.45869179557914,2.50812573855527,2.69309548839771,2.90445886249248,3.09862158850002,3.32067697803581,3.67043079176634,3.59107535367203,3.66072145222953,3.87411176166423,3.8478744651738,3.83343519171933,3.96871309286383,3.98238941123216,3.55212560808222,
44,"ESG.Portfolios.AssetPortfolios.P_GBP.TotalReturnIndex",1,1.01077554947595,1.10597603147263,1.15710341051869,1.13336470158862,1.23293584950787,1.46501116197364,1.70428868564167,1.63832411915369,1.47524311669394,1.41947814970829,1.28023224446209,1.14767378409485,1.16143939762604,1.32877588544574,1.51590695363679,1.57705206385735,1.64224119121208,1.55282721057157,1.52594954104512,1.54473423431414,1.48233892287883,1.33829146228913,1.60677794128474,1.82058323735984,1.88019634630077,2.03200040003494,2.37435494884307,2.34763576910895,2.69475346178633,3.66854139555361,
45,"ESG.Portfolios.AssetPortfolios.P_GBP.TotalReturnIndex",1,0.983444556268528,1.03856817243341,1.17771659114258,1.3611611906669,1.33622880354372,1.3611576248135,1.46247782643248,1.49369014442653,1.56541397978449,1.66340031303231,1.75500754788328,1.99653291221814,2.24275271868712,1.90730987040615,1.91643749236412,2.16754866968846,2.38355411049031,2.46886530689947,2.71653145743556,2.49842077405567,2.65676604408965,2.59235125181034,2.67390731544033,2.7549136086355,2.65929540065905,2.63397936487771,2.80827315385165,2.4536082272539,2.59552513233754,2.89282228480972,
46,"ESG.Portfolios.AssetPortfolios.P_GBP.TotalReturnIndex",1,1.05012718975224,1.03824294099291,0.995644081352331,0.854343390212976,0.953236975760392,1.06652600503564,1.08669001743377,1.19128296145137,1.26107532946521,1.31643268646824,1.3748302999681,1.29133467252645,1.28308012289367,1.70520445994623,1.84541929561519,1.8171448503999,1.79927109222552,1.90669558834624,1.8662337260755,2.25732790770734,2.32398286855408,2.57431736832855,2.69904582774664,2.82300869342903,3.06458495739223,3.33962470575578,3.42591523412334,3.96773744918042,4.0404430563009,4.12493995737021,
47,"ESG.Portfolios.AssetPortfolios.P_GBP.TotalReturnIndex",1,1.00128855672288,0.927185230205499,0.90930763100666,0.890758988203993,1.05669587203103,1.35423830008811,1.31916885801084,1.15981408951205,1.35386634319032,1.37836013584487,1.33524413479964,1.49882241581275,1.60701380955224,1.90762405388659,1.92831035158636,2.1189436889925,2.20468001960211,2.1855150602531,2.23893294454615,2.33288752248892,2.47951711374544,2.49539954079466,2.4764342882799,2.45019407813164,2.58639820299707,2.55722437862277,2.62760605978871,3.03588343626614,3.12604872281003,2.57734075357453,
48,"ESG.Portfolios.AssetPortfolios.P_GBP.TotalReturnIndex",1,1.03179368746568,1.15694082149996,1.25358879393517,1.36950352958185,1.30030986516155,1.11808584934876,1.28095528539604,1.59208831889337,1.51903302679858,1.67915122194705,1.88503446076025,1.86864312768517,1.94054316976449,1.81050703821352,1.96728704432009,1.95320040780217,2.05170769609274,2.26546987366103,2.40574543490296,2.53212359174103,2.58338362961173,2.79259388963488,3.04072633130037,3.32180913854866,3.42461382917432,3.73962803183445,3.82502481773654,3.63950268186795,3.84455439565413,4.79966678339847,
49,"ESG.Portfolios.AssetPortfolios.P_GBP.TotalReturnIndex",1,0.954307904034134,0.924853638381829,0.899681228074094,0.932788647424282,0.881710162630515,1.01663584707358,1.12493229655558,1.26909957195469,1.24465138814054,1.09037963495401,0.908024918891697,1.06478764602389,1.48343236630512,1.5399818859694,1.79207244274559,1.96895084700081,1.94241562948863,2.043178181331,1.80971374394214,1.68863549716249,1.73830896927561,1.88955216593165,2.28268832653376,2.05780553971564,2.03521702481365,1.88448608025332,2.02885871959939,2.09877256528141,2.65321090537761,2.97174724078883,
50,"ESG.Portfolios.AssetPortfolios.P_GBP.TotalReturnIndex",1,1.08097778174166,1.17471632245515,1.22937397833249,1.2817815649668,1.44495986992504,1.40268127909727,1.41075693534575,1.38226738816364,1.5644390988675,1.91587628730294,2.24386800432195,2.25297096846964,1.99872311239,2.10734527176978,1.96429146816127,1.98975102305132,2.23129260978685,2.31488475441416,2.77681986894518,3.09028183068812,3.31714786044032,3.32786886207662,3.04383823260633,3.60560802633335,3.87510825364859,4.28881655643584,4.29097302775034,4.28050219067188,4.17335867653051,4.09047850840258,
51,"ESG.Portfolios.AssetPortfolios.P_GBP.TotalReturnIndex",1,1.06974306804539,1.11052810715701,1.08176358314357,1.25970931436237,1.12196427630728,1.10908047112556,1.11796422261737,1.17262376472313,1.08023941265996,0.871181673598617,0.840546804335662,0.822180350249526,0.981460917642438,0.826964147115226,1.26896588894009,1.43828430615168,1.84297321712176,1.81652813554755,1.8790975932064,2.27043942110825,2.2745871308294,2.86954032280055,3.06908677203691,3.1536219058506,3.52465298295912,3.8672551772604,3.93844035376093,4.12029044010445,4.28839113669319,4.40951088730456,
52,"ESG.Portfolios.AssetPortfolios.P_GBP.TotalReturnIndex",1,0.96901351938256,0.9852132051209,1.07619119401349,0.998404202072292,1.20277251258992,1.34090121805585,1.49196257118125,1.58573806882043,1.81080235442957,2.16156502081225,2.35638477679527,2.48199271411654,2.49049116299229,2.79092727495553,2.6290417864073,2.66272683049845,2.44773674229475,2.64405612430916,2.78586504399875,2.59319929823423,2.79698579245698,2.52842444340257,2.54480831722092,2.6850437519512,2.57536949699524,2.46454396784119,2.709634374769,2.8185548841256,2.98905304461311,3.1304570801973,
53,"ESG.Portfolios.AssetPortfolios.P_GBP.TotalReturnIndex",1,1.17009800408885,1.15298941259112,1.12990010142189,1.28776062230637,1.20461758976675,1.0841919917315,1.12436909533902,1.11771192259208,1.06572837581628,0.912022989239453,1.14402598024609,1.41771748246723,1.5738662371201,1.84747513167672,1.75011651029343,1.78480414685119,2.1211608862241,2.1976443028899,2.2134431631309,2.47442107112312,2.44615783646568,2.83409447752096,2.93355025472165,2.90038810187311,3.24966517466818,3.21463519443225,3.61336163350558,3.96497265366248,4.28940114290668,4.47905497298425,
54,"ESG.Portfolios.AssetPortfolios.P_GBP.TotalReturnIndex",1,0.86426336743863,0.934535359958652,1.01143339343647,0.942340563382889,1.13163612276847,1.38860636816164,1.4560948942932,1.62224806804708,1.796196259526,2.05606080670759,2.05707974737721,1.97424685273527,2.00102297921649,1.89941422017254,2.1680723616439,2.30566949804649,2.17838571791925,2.25669466357351,2.47424886747338,2.41676065147943,2.64021601840992,2.48489892360942,2.597328137945,2.91181886258965,2.81070229852938,3.10861867051858,2.99113401593253,2.9652625322892,2.92629094861327,3.00417422365894,
55,"ESG.Portfolios.AssetPortfolios.P_GBP.TotalReturnIndex",1,1.02268956540518,1.05968086732982,0.918163216674724,1.02279663957273,1.07832335059196,1.06192416406449,1.06969927737492,1.26188424866888,1.19665484938736,1.37977432188498,1.65787927267851,1.64078371103086,1.66390361274345,1.74615651408915,1.84390112088097,1.7273818848184,1.79807785149598,1.74812002673908,1.78532657364603,2.14701104716225,2.2202279314215,2.49623974597121,2.63063117539665,2.79208440394125,3.17376941014068,3.31081825651537,3.5065496348616,3.73961164529557,4.07758531994209,4.12284811479272,
56,"ESG.Portfolios.AssetPortfolios.P_GBP.TotalReturnIndex",1,1.01491607055307,1.0256398464462,1.22335885386925,1.2364958695619,1.28310531792554,1.4427330781191,1.58193663732869,1.45555729755009,1.6812405898347,1.62241218814707,1.49924739503751,1.68691848357705,1.82761987450165,1.92779914497175,2.00769337507186,2.31853336091348,2.44054511965096,2.71704848610466,2.86610608083374,2.66340036960088,2.80194834423151,2.67951362987189,2.77495418016363,2.81343064591011,2.59276802148818,2.69441253103072,2.69982881839296,2.70353177561411,2.42007638092961,2.68276859681845,
57,"ESG.Portfolios.AssetPortfolios.P_GBP.TotalReturnIndex",1,1.06516015774128,1.13068061745683,1.05241139528665,1.19400085162643,1.28849773294131,1.43615291581311,1.42490775311215,1.57022138525894,1.44374684560476,1.44541134702716,1.64236596587357,1.67826555522177,1.81270754592863,1.74729876736457,1.90442935352411,1.89552502496677,2.1987654099248,2.58675297212434,2.87103313253054,2.63922939451818,2.59501606865534,2.3408841274052,2.28335465831718,2.73295589914331,2.90290207715964,2.73547772357084,2.74524250647737,3.16025641862195,3.54280024994033,4.55016843940316,
58,"ESG.Portfolios.AssetPortfolios.P_GBP.TotalReturnIndex",1,0.980666621134581,0.966885976774442,1.11500354365917,1.0013496800556,1.01319338124441,0.983698183895444,1.09702763236485,1.10844391738642,1.35675425660191,1.48191555815367,1.48209307853999,1.59500613900602,1.63476250153089,1.82351430182053,1.85663396508117,2.01436467649996,1.94197969777312,1.82701606985358,1.79121466685263,2.04899710745367,2.25858910153188,2.59258051419688,2.80203598719193,2.67958404482384,2.73750125914884,3.03275534392872,3.22043504045841,3.17366365320417,3.12337247626124,2.61560251504979,
59,"ESG.Portfolios.AssetPortfolios.P_GBP.TotalReturnIndex",1,0.95208865934633,0.866073121504873,0.883138769487398,1.14342527100601,1.20078518234258,1.25270712843274,1.3368587542658,1.25754329580464,1.08289582265614,1.14970757164392,1.15681298198023,1.11837722482338,1.26576306939354,1.60625368591433,1.59620686305498,1.79443530452168,2.15583275038401,2.29454796909143,2.36766601349003,2.22596616434588,2.10429495754197,2.72896108186583,3.14364270425498,3.27120937538636,3.39924905963693,3.25614895635816,3.64343404452717,3.79727046522604,4.19129249625372,4.45913900897716,
60,"ESG.Portfolios.AssetPortfolios.P_GBP.TotalReturnIndex",1,1.08403122704701,1.22522766552064,1.2738469201149,1.11131581612595,1.14205043401931,1.22544200144422,1.26036201894186,1.45851994779428,1.76515277244757,1.85521941823353,1.9911208895525,2.19076559251414,2.23478521348389,2.09145617552638,2.21026542709308,2.24778231284921,2.13686784815236,2.21949656568098,2.32849774495226,2.59740272903008,2.90045878330459,2.66357510351266,2.48643566995563,2.55570958037467,2.70683417317141,3.07202158687872,2.97297615381774,3.0944508546886,3.06021152781183,3.07232023101534,
61,"ESG.Portfolios.AssetPortfolios.P_GBP.TotalReturnIndex",1,0.988427992607597,1.02711704963669,0.992423947662436,0.825606716244552,0.917907250498981,1.06426495214419,1.11898180579252,1.33133463300094,1.47979398038467,1.56459433993293,1.52235615967535,1.75337463387172,1.82966902838543,1.93040652234456,1.77174832941978,1.59629305312382,1.71408221047468,1.86994427594088,1.70992369497008,1.88487847364694,1.7371043864484,1.84659486112542,2.14052127373398,2.16256439238477,2.29145266956359,2.39218439987567,2.19761978040656,2.4185744787243,2.64965730085593,2.78256702160042,
62,"ESG.Portfolios.AssetPortfolios.P_GBP.TotalReturnIndex",1,1.05700457361294,1.06603337620174,1.1656996190725,1.40267847839562,1.40178151762182,1.38918493485053,1.4519681407608,1.39516466541533,1.3929856270842,1.44795092223936,1.62629528479087,1.55379997288984,1.63347995950131,1.74624836625187,1.99548785928856,2.311398208958,2.42107906308667,2.45929211528876,2.8193502945196,2.91478299599573,3.34698526616451,3.42130739385045,3.27400246534106,3.59865118489274,3.70297309109748,3.83691370258278,4.45683833035833,4.42468590534258,4.38189561499213,4.50808250246065,
63,"ESG.Portfolios.AssetPortfolios.P_GBP.TotalReturnIndex",1,1.00908664522396,0.987546948611649,0.995609293114181,0.917073191929115,0.892879963844859,0.92555734943505,0.906097093626484,1.20273228428979,1.22329008196533,1.45455704361988,1.50612087749386,1.66711819042418,1.96210728399438,1.85868464650772,2.132223891658,2.35373238425026,2.28704550782383,2.01589851165648,2.19192007540766,2.43420569551479,2.85117144004768,3.13280846464091,3.76071344503187,4.44776742159624,4.5771081891122,4.36836036052513,4.69292139931363,5.18190475673111,4.86559272926995,4.94166159531188,
64,"ESG.Portfolios.AssetPortfolios.P_GBP.TotalReturnIndex",1,1.02712952410519,1.10386106410386,1.16438049226065,1.31339809103332,1.44767439598549,1.52921541419662,1.66430286254494,1.520469924634,1.59731548853811,1.53344937687128,1.63801973039695,1.70800996260246,1.63296801171828,1.84014533056918,1.79854616176878,1.81502595129919,2.03198752352737,2.39067243728613,2.44342455744033,2.38867964705763,2.30505002458408,2.25106712832206,2.00912119088307,1.70364299653874,1.87310197049066,2.29093588236516,2.26240700247315,2.12104868049312,2.56011580915089,2.73740681244176,
65,"ESG.Portfolios.AssetPortfolios.P_GBP.TotalReturnIndex",1,1.04564741631756,1.14853636028029,1.12843814575575,1.40295357543541,1.41682326474263,1.48122865847272,1.49780823379258,1.80247384471913,1.8921904766061,1.92392802117796,2.17683329485831,2.16117728718744,2.26220032438556,2.24352203915434,2.25393655356485,2.2340532069261,2.20779593873267,2.30229204130688,2.02849665811131,2.38559220153077,2.49823789420179,2.47120582628387,2.67912990282893,2.87109819242337,2.98545766646019,3.29682716400183,3.51852182960391,3.91825089486001,3.98194945604503,3.96136153664521,
66,"ESG.Portfolios.AssetPortfolios.P_GBP.TotalReturnIndex",1,1.0083633324736,0.945223744158955,1.06645951643633,0.875522395884305,0.973736714000092,1.02247852025202,1.03401596513993,0.842215241799022,0.807146205496423,0.99940483411463,0.820867773330068,1.01624167505243,1.0216491523711,1.3078255196999,1.29643563980443,1.52557533143086,1.83855268458671,2.03024024740572,2.79141791758928,2.53100013680909,2.55257960030587,2.86666129833047,2.87611646138994,2.95073570202284,3.12240448767536,2.94969345010863,2.86338667920102,2.50532926402258,2.77491857148527,3.0829556857323,
67,"ESG.Portfolios.AssetPortfolios.P_GBP.TotalReturnIndex",1,1.10546389443539,1.12558017981634,1.12408651883523,1.12537253064523,1.22784922876266,1.27145108740588,1.21023444827116,0.977314211249833,1.05918499106882,1.06110380744343,1.45254955626757,1.4684918216939,1.38975349597843,1.36854117344495,1.67133328657529,1.6012694813813,1.57470774001447,1.84948483382557,2.4037998174362,2.81899594013294,2.46010750016945,2.83933737425607,3.02497320999004,3.2216371743094,3.12471045755944,3.19741763141614,3.38574571216981,3.56538960727195,4.03035579747321,4.12841427402374,
68,"ESG.Portfolios.AssetPortfolios.P_GBP.TotalReturnIndex",1,0.931005355733516,0.966700562987107,1.04622072282802,1.13446467689354,1.1036842234289,1.19795370469546,1.40362469542837,1.78003650259754,1.83492692891896,1.95710493273382,1.75716322971826,1.91472819013618,2.12693337712436,2.29593142596604,2.23834226157881,2.47196137817916,2.65377950362103,2.53805566750573,2.37306735190233,2.17566107787179,2.69989941320532,2.56526703845551,2.61741917619516,2.65937342428914,2.95435076716927,3.14132343236632,3.19563579728178,3.28599768972317,3.11794808260917,3.30101782450606,
69,"ESG.Portfolios.AssetPortfolios.P_GBP.TotalReturnIndex",1,1.1899589385164,1.26735686292828,1.33389134317593,1.40998689263083,1.43878355621064,1.36460607167975,1.33128928438199,1.28365722030596,1.29861810965011,1.64527768939962,1.63466745794289,1.84164200778091,1.9960482463193,2.26767470422119,2.29192851167696,2.66019937359526,2.48945711754938,2.5481083421378,2.709052337298,2.70414962652444,2.84222838019236,2.61456281523652,3.01696019304818,3.24904064423569,3.36406902764435,3.57530880135437,3.58116832458854,3.63060763157706,3.69236143773204,3.81692669992034,
70,"ESG.Portfolios.AssetPortfolios.P_GBP.TotalReturnIndex",1,0.831961771065859,0.809683801444805,0.816669052230083,0.825055507025492,0.921298693315589,1.10037145696805,1.25070087921509,1.44205151132857,1.55413616734098,1.38138013714937,1.51930787962546,1.47815178143117,1.51240108877247,1.46331693528018,1.62768784529443,1.46700465876006,1.77250782992373,1.86232778306589,1.90948020602665,1.99954038518282,2.07647969738371,2.49790136952958,2.33939796952632,2.33376812932235,2.43520732261371,2.40874419783276,2.6367695070963,2.9095940879609,3.13970025282515,3.25213872483697,
71,"ESG.Portfolios.AssetPortfolios.P_GBP.TotalReturnIndex",1,1.11478620553804,1.14506126095263,1.23184719719246,1.10205309930076,1.43883165870106,1.27297003242304,1.44348307694922,1.43406115643924,1.69879678626119,1.93988726035297,1.94725107302749,1.91075613212241,2.04815049897885,1.93500606274776,2.03083132899733,2.0982631035375,2.06799807939976,2.30392679478535,2.39925309086667,2.53594945161635,2.64189996394093,2.81546076631167,3.10982741544821,3.1380204924201,3.36348548148175,3.20541578588539,2.83527088789714,3.22778830905995,3.48861220022168,3.53392075612972,
72,"ESG.Portfolios.AssetPortfolios.P_GBP.TotalReturnIndex",1,0.924429983743773,0.95322102999195,0.956027391335873,1.16656324519746,0.953718956943921,1.21658501133151,1.16866165743468,1.31601639374801,1.20505641219033,1.10520338339686,1.28462494164653,1.46790489395318,1.53380619533671,1.77641326065887,1.86490962772067,1.98149078255624,2.24719033755334,2.23049774925192,2.30602925569887,2.36654742076154,2.51213563469176,2.55731484908392,2.47442414916897,2.70588450224177,2.69170748839517,3.14238914525142,3.8274565571336,3.71229256161697,3.69644281318518,3.97174176267545,
73,"ESG.Portfolios.AssetPortfolios.P_GBP.TotalReturnIndex",1,1.13945643929776,1.1516240668896,1.1372130301632,1.0822544806373,1.27390498433113,1.50519135125345,1.68641804298553,1.69358519644967,1.62296337076633,1.72088745617207,1.72836853163358,1.74448616884277,1.79610357823149,1.89249581405906,1.86203814792065,1.89762781667604,1.84539344524004,2.11440446548123,2.14659876663472,2.18659840701991,2.25703635623216,2.09165352784784,2.47386476784204,2.82894906345191,3.13694878042829,3.06685716478744,3.27311533561752,3.374078797833,3.59948859264482,4.20512399875576,
74,"ESG.Portfolios.AssetPortfolios.P_GBP.TotalReturnIndex",1,0.894122740602241,0.938231129782339,1.02764347120771,1.16630382495423,1.08684279597515,0.979631100330863,0.914441906295241,1.02817489758821,1.23624630533016,1.259903787609,1.39119147055038,1.53541809522994,1.63271004619139,1.78745400290112,2.03033315405069,2.24615722042516,2.53361317635696,2.42934577497054,2.61487944299032,2.78378622102057,2.9709910875048,3.37412405062557,3.21616372689291,3.09307372732421,3.03641536939188,3.27443683100144,3.39227002192498,3.56556677324599,3.58540658792778,3.32374717748108,
75,"ESG.Portfolios.AssetPortfolios.P_GBP.TotalReturnIndex",1,1.02424068488755,1.0549673161017,1.06023103828202,1.03526559833455,1.00561650424406,1.05372936562021,1.37696250505713,1.4861182855726,1.67801401909161,1.55775577301391,1.77722540024276,2.07374168658129,2.12267219290734,2.138672274564,2.37860473866107,2.61339533456815,2.73858429882872,3.05951752485559,3.31373921499369,3.31244871489774,3.44061970872134,3.54241828612534,3.59736517238808,3.5941981057486,3.69458882467721,3.7920455851259,3.78442906013816,3.86098456790642,3.87227677052411,4.02746941204514,
76,"ESG.Portfolios.AssetPortfolios.P_GBP.TotalReturnIndex",1,1.01178796079068,1.03048984137616,1.08567351092969,1.17516931482548,1.35282404620955,1.41316113136447,1.20410132482521,1.19076470264609,1.15898305309672,1.5018470103622,1.40619821759977,1.21851864531926,1.28352683530385,1.46006878125399,1.36922351231091,1.25132080424445,1.34952238907594,1.18458263726848,1.02058323393135,1.11587529326469,1.16374301788345,1.57660661472898,1.81966018401449,2.18828355035243,2.34181270157688,2.49261861803514,2.81825140097527,3.00423537321136,3.31637862490081,3.51096661890994,
77,"ESG.Portfolios.AssetPortfolios.P_GBP.TotalReturnIndex",1,1.02582441471036,1.05647658489424,1.02792152064375,1.0518180125724,1.02060523073703,1.2108741130349,1.22019329302513,1.33476896184332,1.50001478372085,1.67595203952468,1.75828674152861,1.80582204159857,1.8564575741864,1.98376712900199,2.04658552891369,1.97388785518034,2.00296819782909,2.33825244443643,2.53631872871833,2.27611123633482,2.41007778764827,2.0900386762041,2.27581221508966,2.52865987535047,2.1520100056681,2.42742336390114,2.34842063248944,2.63863356283611,3.25063225630834,3.3945533628572,
78,"ESG.Portfolios.AssetPortfolios.P_GBP.TotalReturnIndex",1,1.01653850494,1.04400267411164,1.14106546892005,1.21805706486514,1.37974020804754,1.28896645745269,1.40333242044877,1.39439083683865,1.3820179055311,1.35943172107278,1.46706896522794,1.58259551086115,1.70249242944415,1.74578051375587,1.88565296027888,2.16181909234171,2.30618802585114,2.14998801807054,2.13233473391214,2.63447267942409,2.72017900891748,3.33332203831774,3.31784272911388,3.30962461511972,3.88901091858284,3.77456237528078,4.05454646213594,3.92055445431314,3.81699141530694,3.93946905429274,
79,"ESG.Portfolios.AssetPortfolios.P_GBP.TotalReturnIndex",1,1.16457870954419,1.21308999813951,1.33219881945739,1.37400943873056,1.51039115921711,1.63348790532855,1.62991703019206,1.69774897500213,1.64988093809425,1.85293248690887,1.95305306373266,2.05090006003718,2.22334541963849,2.39741498506926,2.37300570677153,2.38051347358955,2.4537509474733,2.63290220261677,2.68745544451171,2.8352302637008,2.73761169682752,2.65081736488698,2.91700683611676,3.01578477511469,3.48681306824491,3.40943977492073,3.51255099644838,3.62100447433242,4.00464229744513,3.8721260720494,
80,"ESG.Portfolios.AssetPortfolios.P_GBP.TotalReturnIndex",1,0.862092662813051,0.875205792967591,0.826004199469004,0.863504232280176,0.834487731812261,0.84887234096644,0.963740523489709,1.01971975990302,1.21972176413926,1.14357404710443,1.23582597785311,1.28418742106403,1.26378330472782,1.19723222729841,1.40743481571951,1.65289167352014,1.77971341448953,1.82430015605408,1.97676341722327,2.03335520589861,2.31493224407865,2.59466045459297,2.56780078129847,2.69172330727861,2.41263753335595,2.58257799583685,2.7275286605832,2.83764431217797,2.73116507845198,3.1058014687662,
81,"ESG.Portfolios.AssetPortfolios.P_GBP.TotalReturnIndex",1,0.897968237579235,0.973065601028562,1.03894821402969,1.03254750543311,1.21100514607418,1.1822046323421,1.21676870660196,1.27920840191414,1.29806192327388,1.28477749000713,1.3163888393247,1.55012024630298,1.69208202895659,1.93839679574324,1.94914070142316,1.91607129426418,2.11137433055437,2.43867212676168,2.20817751733137,2.33031621146294,2.36316321460229,2.44769027835649,2.4467752326096,2.51639013620029,2.45820352054162,2.58526649746909,2.94237124223936,3.32269303178552,3.67040063115826,3.56533143946886,
82,"ESG.Portfolios.AssetPortfolios.P_GBP.TotalReturnIndex",1,1.14205665609576,1.11923487030522,1.13022611812219,1.21780185610977,1.15000991511077,1.29807422930325,1.39342056417086,1.46882435049951,1.5743599954447,1.69771824257167,1.83460964647072,1.8163983074441,1.84046545802018,1.79618649102185,1.94366635869652,2.16373589456284,2.16378750822416,2.09057124140701,2.45866709599391,2.49945390918376,2.68813906074331,2.76471746048077,2.91816369343157,3.14061753533345,3.28395495320868,3.47868681701731,3.53338845948659,3.53210148137775,3.49624388117656,3.80567669226781,
83,"ESG.Portfolios.AssetPortfolios.P_GBP.TotalReturnIndex",1,0.920715518934772,0.836176053476439,0.918789709284718,0.936300818143836,1.01432902989669,1.04585125291395,1.22236537602557,1.26268588555327,1.27604028136514,1.51495809082274,1.66470684619578,1.91054840123635,1.98327742488762,2.11821899519653,2.35783009223716,2.39990435172258,2.31909817871045,2.4811711702115,2.23080896950531,2.47985055709434,2.46088253220755,2.76343735178021,3.09609544602744,3.02796331083007,3.28724287877609,3.4194489513395,3.51122094990703,3.66881543217537,3.49476032203801,3.58008941838065,
84,"ESG.Portfolios.AssetPortfolios.P_GBP.TotalReturnIndex",1,1.11559134142644,1.26796816199599,1.25257620052082,1.32177872285305,1.33961772878296,1.44194231918137,1.38794353406539,1.47205053329676,1.58811580756368,1.53351975937919,1.54581724172836,1.45165329451136,1.5052679455345,1.51881914843512,1.48041922232759,1.60807058451501,1.90728250206891,1.9474381789869,2.40642821076706,2.36263237882425,2.59408574159216,2.50550108518282,2.38546978502306,2.68103151177032,2.66719561311315,2.63881679959765,2.86082412734682,2.98180817327643,3.34249881349124,3.63746106307269,
85,"ESG.Portfolios.AssetPortfolios.P_GBP.TotalReturnIndex",1,1.05627609260802,1.04178114686332,1.08428660607676,1.15894230322993,1.17692904072363,1.04796186059545,0.994516962641015,1.05543392571208,1.22744412794055,1.31655073281089,1.05807504349193,1.28376359999354,1.31608634792394,1.64002888773898,1.89814086938869,2.22026593727748,2.4453225935618,2.57665960215429,2.60829282404934,2.67655143836446,2.81547115654352,2.80416967534735,2.94030921989545,2.81499950671995,2.98418684236635,3.34389193279146,3.48780876420529,3.63981335825624,3.92868357314523,4.4149868920262,
86,"ESG.Portfolios.AssetPortfolios.P_GBP.TotalReturnIndex",1,0.980823137425831,1.04997482596577,1.08756809048325,1.09501118526328,1.18742311940714,1.4227002438473,1.59557806562119,1.64631419836761,1.67668095557759,1.71735906166862,2.07159279473368,2.07134551862341,2.19693801404865,2.07351668128678,2.01880929090887,1.88968085599702,1.86436954176815,1.85931567273389,2.06272905266548,2.19864049563132,2.28018598090078,2.49763760399525,2.58348462754863,2.89766391101058,2.97912538763141,2.86702867872577,2.98422193858878,3.07865635391232,3.0878665872202,2.88088858789247,
87,"ESG.Portfolios.AssetPortfolios.P_GBP.TotalReturnIndex",1,1.00002759156994,1.15602917732513,1.13124711624462,1.04469457043502,1.12690824527918,1.27595726899413,1.17231034459119,1.40265410168265,1.71391203601584,1.87438960936436,2.06346663640385,2.07242082822858,2.06405042891068,2.12008166976414,2.36175613296064,2.4866484608874,2.70105691808907,2.86316150213712,3.09343912778996,3.22388720754725,3.24459800085248,3.30272226419077,3.14973154002141,3.50505521678431,3.16753585302169,3.23722527588739,3.49725369483366,3.82646673668926,3.64569696873579,3.5470369251312,
88,"ESG.Portfolios.AssetPortfolios.P_GBP.TotalReturnIndex",1,1.03478212385437,0.930335625182837,1.0367672980164,1.21825661961898,1.23534092804757,1.19750205194877,1.40517318942215,1.32512926628787,1.19377515796553,1.18433396558157,1.15405573137523,1.3020292865586,1.46630785051845,1.55995754451527,1.5026844808842,1.61044901926998,1.53133484037431,1.46135763563522,1.39415608864198,1.24370368707062,1.29859473109246,1.44709969722052,2.04869483525342,1.98436905658753,2.78068829375493,3.06651450886726,3.08533943976876,2.82936676352597,3.3286444527883,3.87863363797354,
89,"ESG.Portfolios.AssetPortfolios.P_GBP.TotalReturnIndex",1,0.918258111880429,0.976820764952743,1.01622623118148,1.07350214094938,1.15223078093704,1.48272941160231,1.64392202190637,1.67255533785181,1.81002936974626,1.85913747659551,1.85990652089833,1.62992188512897,1.76351050789533,1.94166531826171,1.98669900010161,2.11954866906793,2.17486592147697,2.13762298158447,2.29220925729147,2.35752377815445,2.37360140070094,2.36710075096583,2.52042493742392,2.41085066692497,2.71149148343495,2.77395830243734,3.17336315008196,3.46726898452435,3.37698863785833,3.69064299172269,
90,"ESG.Portfolios.AssetPortfolios.P_GBP.TotalReturnIndex",1,1.11606505586061,1.11252664503831,1.1421262675103,1.15162546827024,1.18272086580744,0.969864576763223,0.995485167750198,1.0952350112245,1.058774629869,1.21068861619969,1.35051189174196,1.73737137074369,1.77121182066653,1.75573150104007,1.87632621808904,1.93661252286125,2.0690471005051,2.29042713615476,2.31257858263838,2.41129294784231,2.63666298232127,2.84903242898295,2.92353892545563,3.25852545833573,3.16068425139022,3.33239371504927,3.19447595694804,3.09974770632652,3.473917370653,3.42269939273546,
91,"ESG.Portfolios.AssetPortfolios.P_GBP.TotalReturnIndex",1,0.95600914979776,0.935369338446244,0.760647981120749,0.821177815180092,0.698735884925135,0.653057354924583,0.713365248918864,0.722000435210519,0.890892716369241,1.23163829737346,1.46937525692251,1.48726531682881,1.87584220778544,1.81795762850415,1.95566336234574,1.76716118739478,2.03935215165669,2.14610831018909,2.41314745867572,2.40535549931777,2.62837847890577,2.84161865782356,2.52584526697125,2.39614957698959,2.54909513647581,2.79436797969221,3.54062145372021,3.39844698071075,3.45967259921104,3.50423381649232,
92,"ESG.Portfolios.AssetPortfolios.P_GBP.TotalReturnIndex",1,1.08586022305319,1.1517430179584,1.38732857433494,1.43487684404591,1.67213747994653,1.76232685319522,1.77451054882309,1.96045251817474,1.99431513458078,1.84994551440409,1.78926467300502,1.93918839643414,1.74585749476131,1.98156238547675,2.02925802147038,2.27824218345511,2.20203760538375,2.28738961168435,2.17420047909901,2.29963612398659,2.24607053229115,2.14944587836931,2.82104995116678,3.28013438723911,3.35859991164609,3.29200326540042,2.53681429230318,2.79976331535704,3.16803904075436,3.49919133842631,
93,"ESG.Portfolios.AssetPortfolios.P_GBP.TotalReturnIndex",1,0.998342021063218,1.073205521945,1.08877645758556,0.942576320652916,1.04776710211487,1.16660502128784,1.06066325373475,1.20105333693423,1.29846813580228,1.41173392365083,1.43782007616184,1.43180162824121,1.56577893942819,1.63626394917762,1.70731169830048,1.90677120114639,1.9714967124062,2.17067113764062,2.50392040943029,2.53142075069391,2.52047495481,2.67957934139446,2.68431687803082,2.84439884876218,2.87250060602377,2.89605753378261,3.34630703129879,3.13272606903161,3.03348499319335,2.77260727191963,
94,"ESG.Portfolios.AssetPortfolios.P_GBP.TotalReturnIndex",1,1.04332171796245,1.02569941770416,1.06912874523106,1.31477098374924,1.3402124763221,1.34549186976319,1.47487516898909,1.4728533482239,1.50947674978333,1.5080847552652,1.68151567040873,1.85170772122843,1.89537919391087,1.99108505383896,2.11647223241748,2.07294171144429,2.18302279343156,2.16803325595529,2.01198678099756,2.15396147875224,2.36685326996433,2.4613864438558,2.66131987471222,2.67734725313617,2.79766664962357,3.13312394806178,2.73679423057589,3.29050828441587,3.6254408317201,4.15505082012756,
95,"ESG.Portfolios.AssetPortfolios.P_GBP.TotalReturnIndex",1,0.908833416568327,1.05086737465296,0.948009238989286,1.00278685209199,0.840322668723489,0.908405893892403,1.05711729451581,1.11933693715767,1.19542747386946,1.3419602624902,1.18823153851836,1.38449677631535,1.4772833644383,1.73404124054971,1.64951023820837,1.44619975283394,1.61707314551189,1.6668719892142,1.85053648307119,1.96159293248076,2.36174970735117,2.59986668212152,2.73508655070055,2.74604315934051,2.88709188583626,3.05976244695115,3.25413133381728,3.12510779476638,3.05076981873111,3.17700872849458,
96,"ESG.Portfolios.AssetPortfolios.P_GBP.TotalReturnIndex",1,1.12736624554333,1.0333427084466,1.20505097387541,1.23502932880637,1.51767061972158,1.54759421880183,1.52469406588317,1.60174228770107,1.70357632632065,1.72302539929363,2.01722709735517,1.96508000763468,2.07282318478663,2.0563659085764,2.28022767771673,2.61154296444336,2.67381639292644,2.86850216734387,2.93563278026959,3.03641246238232,2.8932682407308,2.89853561163435,3.00167568255487,3.22874302385506,3.23526939118097,3.28804161640211,3.171062796038,3.51902766397199,3.91795227486475,4.14241830816495,
97,"ESG.Portfolios.AssetPortfolios.P_GBP.TotalReturnIndex",1,1.02272657553153,0.983488013991197,1.10792469412278,1.23499460440243,1.14438482466298,1.0795459052864,1.11839446955039,1.06827452280793,1.19212734775303,1.09266273873728,1.23055347932909,1.38473482673879,1.3432896656113,1.36738647076641,1.60123229651489,1.84427367381646,2.25925025562956,2.51357662955812,2.4388335749618,2.81767787222349,2.8263512896435,2.4206379909107,2.10655575900938,2.22300704415488,1.77274645876827,1.62819337676289,1.67200210684117,1.81431364614026,2.01330942017975,2.38029187828186,
98,"ESG.Portfolios.AssetPortfolios.P_GBP.TotalReturnIndex",1,1.01379694131581,1.09291147135548,1.03728761051807,0.97722125548699,1.20978771233232,1.39347759638644,1.46006740528801,1.65267770383449,1.70622866082137,1.94636863119346,1.94977590259608,1.95766694194648,2.08894845948677,2.23189990655962,2.2185312687826,2.24219396438195,2.03457719423061,2.0254010739661,2.28500911709699,2.13603143431684,2.33304926211015,2.86499669925964,3.37737421950586,3.55612033813317,4.17025247479658,4.4064947172831,4.49396111258305,4.67562523189937,4.77069933974402,4.71131750914287,
99,"ESG.Portfolios.AssetPortfolios.P_GBP.TotalReturnIndex",1,0.964066960034484,1.02601958721553,1.09726532512853,1.15860787081998,1.27615830805656,1.48502694957518,1.58458482765141,1.43684668191945,1.39304271304477,1.23009660115465,1.2480901169283,1.25097512888734,1.39776797049679,1.42794263268702,1.43399044600325,1.40200504029167,1.67916702050165,1.65661302589036,1.47801511365754,1.63838463899869,1.78495232081823,1.97098303731983,2.09870174044931,2.16776574209036,1.62631050764016,1.60081734886582,1.95296162877449,2.38502151327306,2.21435540662389,2.43522403859626,
100,"ESG.Portfolios.AssetPortfolios.P_GBP.TotalReturnIndex",1,1.07557891040321,1.06311074162152,1.06032975452457,1.08889832909962,1.05254176489803,0.934784913999422,0.936536037035697,1.29867280676362,1.5184302100316,1.81801077391771,1.97984240902289,2.15269789140897,2.17192212966396,2.29449705903216,2.43466311610293,2.61714201747183,2.55849431025429,2.75026456051519,3.1560629393137,3.15148195277242,3.22236216526814,3.25941278528867,3.39424002861391,3.6484595596483,4.29136635094435,4.45443681726523,4.46338545351956,4.44130892550195,4.79816626991379,4.81505799774523,
